<?xml version="1.0" encoding="UTF-8"?>
<beans xmlns="http://www.springframework.org/schema/beans"
       xmlns:xsi="http://www.w3.org/2001/XMLSchema-instance"
       xmlns:context="http://www.springframework.org/schema/context"
       xsi:schemaLocation="http://www.springframework.org/schema/beans
       http://www.springframework.org/schema/beans/spring-beans.xsd
       http://www.springframework.org/schema/context
       http://www.springframework.org/schema/context/spring-context.xsd">


    <bean id="stoneAxe" class="impl.StoneAxe">
    </bean>
    <bean id="copperAxe" class="impl.CopperAxe">
    </bean>
    <bean id="ironAxe" class="impl.IronAxe">
    </bean>

    <bean id="woodman1" class="service.Woodman1">
        <property name="name" value="Peter"></property>
        <property name="axe" ref="ironAxe"></property>

    </bean>

    <bean id="woodman2" class="service.Woodman2">
        <constructor-arg name="name" value="Li Li"></constructor-arg>
        <constructor-arg name="axe" ref="stoneAxe"></constructor-arg>
    </bean>


</beans>
